{"type": "block", "layer": 2, "block": 6, "features": [{"geom": {"polygons": [[[[-1799.2226907853037, 1281.912961103022], [-1779.8419674411416, 1278.1873720251024], [-1787.2335816267878, 1239.6419614534825], [-1731.9745863974094, 1229.0588956754655], [-1722.6905408669263, 1277.5732641117647], [-1687.5803734697402, 1270.8385505722836], [-1691.1648610737175, 1252.108299618587], [-1708.5418335851282, 1255.444942037575], [-1718.5383238587528, 1203.2051625316963], [-1810.8889734204859, 1220.8708471590653], [-1799.2226907853037, 1281.912961103022]]]], "centroids": [[-1753.5767628885806, 1239.5852038506418, 116.78492736816406]], "h": 30.0}, "mtl": {"idx": 0, "edge": 65}}, {"geom": {"polygons": [[[[-1257.0411108769476, 878.4136178614572], [-1240.6214859839529, 870.5739229246974], [-1258.7554310355335, 832.6446514511481], [-1275.1750559285283, 840.4843072621152], [-1257.0411108769476, 878.4136178614572]]]], "centroids": [[-1257.8982707019895, 855.5291283568367, 117.4969482421875]], "h": 30.0}, "mtl": {"idx": 0, "edge": 134}}], "featureCount": 2, "startIndex": 300}