{"type": "block", "layer": 3, "block": 6, "features": [{"geom": {"polygons": [[[[-885.7789707481861, 1047.8803217159584], [-866.398247404024, 1044.1547326380387], [-873.7898615896702, 1005.6093220664188], [-818.5308663602918, 995.0262562884018], [-809.2468208298087, 1043.540624724701], [-774.1366534326226, 1036.8059111852199], [-777.7211410365999, 1018.0756602315232], [-795.0981135480106, 1021.4123026505113], [-805.0946038216352, 969.1725231446326], [-897.4452533833683, 986.8382077720016], [-885.7789707481861, 1047.8803217159584]]]], "centroids": [[-840.133042851463, 1005.5525644635782, 116.78492736816406]], "h": 30.0}, "mtl": {"idx": 0, "edge": 4}}, {"geom": {"polygons": [[[[-343.59739083983004, 644.3809784743935], [-327.1777659468353, 636.5412835376337], [-345.31171099841595, 598.6120120640844], [-361.7313358914107, 606.4516678750515], [-343.59739083983004, 644.3809784743935]]]], "centroids": [[-344.45455066487193, 621.496488969773, 117.4969482421875]], "h": 30.0}, "mtl": {"idx": 0, "edge": 57}}], "featureCount": 2, "startIndex": 300}